{"jplag_version":{"major":4,"minor":3,"patch":0},"submission_folder_path":["D:\\CppCheck\\KCppCheckXML\\KXMLReader\\KXMLReader\\jplag"],"base_code_folder_path":"","language":"C/C++ Scanner [basic markup]","file_extensions":[".cpp",".CPP",".cxx",".CXX",".c++",".C++",".c",".C",".cc",".CC",".h",".H",".hpp",".HPP",".hh",".HH"],"submission_id_to_display_name":{"D  test1 gaoshan6-Kextensibility-Task":"D  test1 gaoshan6-Kextensibility-Task","D  test1 chenhao21-Kextensibility-Task":"D  test1 chenhao21-Kextensibility-Task"},"submission_ids_to_comparison_file_name":{"D  test1 gaoshan6-Kextensibility-Task":{"D  test1 chenhao21-Kextensibility-Task":"D  test1 chenhao21-Kextensibility-Task-D  test1 gaoshan6-Kextensibility-Task.json"},"D  test1 chenhao21-Kextensibility-Task":{"D  test1 gaoshan6-Kextensibility-Task":"D  test1 chenhao21-Kextensibility-Task-D  test1 gaoshan6-Kextensibility-Task.json"}},"failed_submission_names":[],"excluded_files":[],"match_sensitivity":12,"date_of_execution":"21/11/23","execution_time":11,"metrics":[{"name":"AVG","distribution":[0,0,0,0,0,0,0,0,0,1],"topComparisons":[{"first_submission":"D  test1 chenhao21-Kextensibility-Task","second_submission":"D  test1 gaoshan6-Kextensibility-Task","similarity":0.08397291196388262}],"description":"Average of both program coverages. This is the default similarity which works in most cases: Matches with a high average similarity indicate that the programs work in a very similar way."},{"name":"MAX","distribution":[0,0,0,0,0,0,0,0,0,1],"topComparisons":[{"first_submission":"D  test1 chenhao21-Kextensibility-Task","second_submission":"D  test1 gaoshan6-Kextensibility-Task","similarity":0.08757062146892655}],"description":"Maximum of both program coverages. This ranking is especially useful if the programs are very different in size. This can happen when dead code was inserted to disguise the origin of the plagiarized program."}],"clusters":[],"total_comparisons":1}